-- Создание авторов
INSERT INTO user_profile (id, first_name, last_name, email, role, description, avatar_url)
VALUES 
    ('11111111-1111-1111-1111-111111111111', 'Александр', 'Пушкин', 'pushkin@mail.ru', 'AUTHOR', 'Великий русский поэт', 'https://ui-avatars.com/api/?name=Александр+Пушкин'),
    ('22222222-2222-2222-2222-222222222222', 'Федор', 'Достоевский', 'dostoevsky@mail.ru', 'AUTHOR', 'Классик русской литературы', 'https://ui-avatars.com/api/?name=Федор+Достоевский'),
    ('33333333-3333-3333-3333-333333333333', 'Лев', 'Толстой', 'tolstoy@mail.ru', 'AUTHOR', 'Автор "Войны и мира"', 'https://ui-avatars.com/api/?name=Лев+Толстой'),
    ('44444444-4444-4444-4444-444444444444', 'Антон', 'Чехов', 'chekhov@mail.ru', 'AUTHOR', 'Мастер короткого рассказа', 'https://ui-avatars.com/api/?name=Антон+Чехов'),
    ('55555555-5555-5555-5555-555555555555', 'Николай', 'Гоголь', 'gogol@mail.ru', 'AUTHOR', 'Автор "Мертвых душ"', 'https://ui-avatars.com/api/?name=Николай+Гоголь');

-- Создание описаний книг
INSERT INTO book_description (id, description)
VALUES 
    (1, 'Роман в стихах о любви и чести'),
    (2, 'История о преступлении и наказании'),
    (3, 'Эпическое произведение о войне 1812 года'),
    (4, 'Сборник рассказов о русской жизни'),
    (5, 'Поэма о путешествии по России'),
    (6, 'Роман о любви и судьбе'),
    (7, 'История о предательстве и мести'),
    (8, 'Сборник стихов о природе'),
    (9, 'Роман о духовных исканиях'),
    (10, 'История о маленьком человеке'),
    (11, 'Роман о любви и смерти'),
    (12, 'История о преступлении и раскаянии'),
    (13, 'Сборник рассказов о детстве'),
    (14, 'Роман о войне и мире'),
    (15, 'История о любви и верности'),
    (16, 'Сборник стихов о любви'),
    (17, 'Роман о предательстве и прощении'),
    (18, 'История о маленьком герое'),
    (19, 'Сборник рассказов о жизни'),
    (20, 'Роман о любви и страсти'),
    (21, 'История о преступлении и наказании'),
    (22, 'Сборник стихов о природе'),
    (23, 'Роман о духовных исканиях'),
    (24, 'История о маленьком человеке'),
    (25, 'Роман о любви и смерти'),
    (26, 'История о преступлении и раскаянии'),
    (27, 'Сборник рассказов о детстве'),
    (28, 'Роман о войне и мире'),
    (29, 'История о любви и верности'),
    (30, 'Сборник стихов о любви');

-- Создание книг
INSERT INTO book_profile (id, name, genre, year, image_url, author_id, description_id)
VALUES 
    (1, 'Евгений Онегин', 'POETRY', 1833, 'https://example.com/onegin.jpg', '11111111-1111-1111-1111-111111111111', 1),
    (2, 'Преступление и наказание', 'MYSTERY', 1866, 'https://example.com/crime.jpg', '22222222-2222-2222-2222-222222222222', 2),
    (3, 'Война и мир', 'HISTORICAL_FICTION', 1869, 'https://example.com/war.jpg', '33333333-3333-3333-3333-333333333333', 3),
    (4, 'Вишневый сад', 'ROMANCE', 1904, 'https://example.com/cherry.jpg', '44444444-4444-4444-4444-444444444444', 4),
    (5, 'Мертвые души', 'HISTORICAL_FICTION', 1842, 'https://example.com/souls.jpg', '55555555-5555-5555-5555-555555555555', 5),
    (6, 'Анна Каренина', 'ROMANCE', 1877, 'https://example.com/karenina.jpg', '33333333-3333-3333-3333-333333333333', 6),
    (7, 'Братья Карамазовы', 'MYSTERY', 1880, 'https://example.com/karamazov.jpg', '22222222-2222-2222-2222-222222222222', 7),
    (8, 'Руслан и Людмила', 'FANTASY', 1820, 'https://example.com/ruslan.jpg', '11111111-1111-1111-1111-111111111111', 8),
    (9, 'Воскресение', 'HISTORICAL_FICTION', 1899, 'https://example.com/resurrection.jpg', '33333333-3333-3333-3333-333333333333', 9),
    (10, 'Шинель', 'HISTORICAL_FICTION', 1842, 'https://example.com/overcoat.jpg', '55555555-5555-5555-5555-555555555555', 10),
    (11, 'Идиот', 'ROMANCE', 1869, 'https://example.com/idiot.jpg', '22222222-2222-2222-2222-222222222222', 11),
    (12, 'Бесы', 'MYSTERY', 1872, 'https://example.com/demons.jpg', '22222222-2222-2222-2222-222222222222', 12),
    (13, 'Детство', 'HISTORICAL_FICTION', 1852, 'https://example.com/childhood.jpg', '33333333-3333-3333-3333-333333333333', 13),
    (14, 'Анна Каренина', 'ROMANCE', 1877, 'https://example.com/karenina2.jpg', '33333333-3333-3333-3333-333333333333', 14),
    (15, 'Капитанская дочка', 'HISTORICAL_FICTION', 1836, 'https://example.com/captain.jpg', '11111111-1111-1111-1111-111111111111', 15),
    (16, 'Стихотворения', 'POETRY', 1826, 'https://example.com/poems.jpg', '11111111-1111-1111-1111-111111111111', 16),
    (17, 'Белая гвардия', 'HISTORICAL_FICTION', 1925, 'https://example.com/guard.jpg', '44444444-4444-4444-4444-444444444444', 17),
    (18, 'Нос', 'FANTASY', 1836, 'https://example.com/nose.jpg', '55555555-5555-5555-5555-555555555555', 18),
    (19, 'Рассказы', 'HISTORICAL_FICTION', 1886, 'https://example.com/stories.jpg', '44444444-4444-4444-4444-444444444444', 19),
    (20, 'Дубровский', 'ROMANCE', 1841, 'https://example.com/dubrovsky.jpg', '11111111-1111-1111-1111-111111111111', 20),
    (21, 'Подросток', 'MYSTERY', 1875, 'https://example.com/teenager.jpg', '22222222-2222-2222-2222-222222222222', 21),
    (22, 'Стихи о природе', 'POETRY', 1820, 'https://example.com/nature.jpg', '11111111-1111-1111-1111-111111111111', 22),
    (23, 'Воскресение', 'HISTORICAL_FICTION', 1899, 'https://example.com/resurrection2.jpg', '33333333-3333-3333-3333-333333333333', 23),
    (24, 'Портрет', 'FANTASY', 1835, 'https://example.com/portrait.jpg', '55555555-5555-5555-5555-555555555555', 24),
    (25, 'Бесы', 'MYSTERY', 1872, 'https://example.com/demons2.jpg', '22222222-2222-2222-2222-222222222222', 25),
    (26, 'Игрок', 'MYSTERY', 1866, 'https://example.com/gambler.jpg', '22222222-2222-2222-2222-222222222222', 26),
    (27, 'Отрочество', 'HISTORICAL_FICTION', 1854, 'https://example.com/youth.jpg', '33333333-3333-3333-3333-333333333333', 27),
    (28, 'Война и мир', 'HISTORICAL_FICTION', 1869, 'https://example.com/war2.jpg', '33333333-3333-3333-3333-333333333333', 28),
    (29, 'Пиковая дама', 'MYSTERY', 1834, 'https://example.com/queen.jpg', '11111111-1111-1111-1111-111111111111', 29),
    (30, 'Стихи о любви', 'POETRY', 1825, 'https://example.com/love.jpg', '11111111-1111-1111-1111-111111111111', 30); 